{
	"None" :
	{
		"PoissonsRatio" : 0.2001466275659824,
		"ShearModulus" : 8.19e+5,
		"Compressibility" : 0.0,
		"Porosity" : 0.3,
		"Permeability" : 1.024292706463471e-13,
		"Density": 2.5e3
	}
}
